name,phone,language,segment,email
Asha Thomas,9000000011,ml,Students,asha@example.com
Ravi Kumar,9000000012,hi,Faculty,ravi@example.com
Meena Iyer,9000000013,ta,Alumni,meena@example.com
Sam George,9000000014,en,Students,sam@example.com
Priya Nair,9000000015,ml,Faculty,priya@example.com
Karan Shah,9000000016,hi,Students,karan@example.com
Divya Rao,9000000017,en,Alumni,divya@example.com
Joseph Mathew,9000000018,ml,Students,joseph@example.com
Lakshmi Narayanan,9000000019,ta,Faculty,lakshmi@example.com
Imran Khan,9000000020,hi,Alumni,imran@example.com
